time_s,truth_x,truth_y,truth_z,estimate_x,estimate_y,estimate_z,position_error_m,rotation_error_deg,sim_latency_s
19.2,-0.00020340506935473483,4.476179426861254e-18,0.14999986489856607,-0.00020340506935473575,4.336808689942018e-18,0.14999986489856607,9.320508949507606e-19,3.0028829463004157e-18,0.03400000000000247
19.3,-0.00020340506935473483,4.476179426861254e-18,0.14999986489856607,0.005481734074458704,-0.00015902309453326045,0.15065623641263495,0.005725113011425698,0.013082575685884695,0.03399999999999892
19.4,-0.00020340506935473483,4.476179426861254e-18,0.14999986489856607,0.0029332078805773543,-0.0004720940593991303,0.1501951733986332,0.0031779488681852814,0.015892587310882573,0.03400000000000247
19.5,-0.00020340506935473483,4.476179426861254e-18,0.14999986489856607,0.0028983154446000432,-0.0007209371219779534,0.1502623323111953,0.003195201030174163,0.019166167300425734,0.03399999999999892
19.6,-0.00020340506935473483,4.476179426861254e-18,0.14999986489856607,0.0029281019518777878,-0.0031696368171784247,0.149882199383431,0.004457216502515173,0.016189202019847235,0.03599999999999781
19.7,-0.00020340506935473483,4.476179426861254e-18,0.14999986489856607,0.0016879565545864553,-0.0011487283424680972,0.14948648626071587,0.0022716476890371653,0.011841124199399637,0.0519999999999996
19.8,-0.00020340506935473483,4.476179426861254e-18,0.14999986489856607,0.0035928403185424545,-0.00018266602402679548,0.15016889608226344,0.0038043944935464537,0.025015277396972464,0.03599999999999781
19.9,-0.00020340506935473483,4.476179426861254e-18,0.14999986489856607,0.0028278899254164168,-0.003200034571446934,0.1502112790518993,0.004412897749552989,0.027634753001718193,0.010000000000001563
20.3,-0.00021405780632611235,2.2395315691695944e-09,0.14999995275566924,0.0007044832334129258,-0.004603860498382721,0.1499384437586118,0.004695002993391969,0.015116278573170749,0.05600000000000094
20.4,-0.0002193390663103395,2.1394507357759527e-09,0.14999995537738867,0.004414704251954116,-0.002415330217316369,0.1504375304042333,0.005244011801408886,0.01840610972183789,0.04400000000000048
20.5,-0.00022264461860747276,2.076810636965232e-09,0.1499999570187738,0.0025370517098588542,-0.004456786714294182,0.1501845533112315,0.005245280349519672,0.019061621685382838,0.04400000000000048
20.6,-0.0002246741618173621,2.0383512979514555e-09,0.14999995802682084,0.003560010578431168,-0.0032522815542296458,0.1501156411191564,0.004991449661921235,0.008241189554513527,0.053999999999998494
20.7,-0.0002264825294473948,2.0040835679765904e-09,0.14999995892531362,0.005399987673760826,-0.0015304819489034463,0.15049707051603045,0.0058520652774525445,0.011128134050982157,0.05600000000000094
20.8,-0.0002266831410012985,2.0002820132428293e-09,0.1499999590250007,0.0029355158428783063,0.000550919413234353,0.1500382291906266,0.003210058724559464,0.022338252217006683,0.03399999999999892
20.9,-0.0002276913712554293,1.9811754807981827e-09,0.14999995952620362,0.003804376965366909,-0.00019898757247038996,0.15006788852686584,0.004037547060132375,0.006508207422772529,0.05600000000000094
21.0,-0.0002276913712554293,1.9811754807981827e-09,0.14999995952620362,0.005343426208152512,-0.001842983650142714,0.15035089719765413,0.005878529099194511,0.022974110026268677,0.03200000000000003
21.1,-0.0002276913712554293,1.9811754807981827e-09,0.14999995952620362,0.004755106462409523,-0.0033918067187979064,0.15023480342102347,0.006032229452144991,0.021088585787016344,0.03200000000000003
21.2,-0.0002276913712554293,1.9811754807981827e-09,0.14999995952620362,0.0034478397620516204,0.00037545087173287625,0.15015557808785432,0.003697932952077473,0.016698319355649374,0.045999999999999375
21.3,-0.0002276913712554293,1.9811754807981827e-09,0.14999995952620362,0.0035426762991726166,0.0002939652884027624,0.15069099493674282,0.0038444267108145107,0.016879098702888114,0.04400000000000048
21.4,-0.0002276913712554293,1.9811754807981827e-09,0.14999995952620362,0.002664659141650801,0.0005212043248081842,0.14991624986963603,0.0029401276637452023,0.013441873349268683,0.05799999999999983
21.5,-0.00023040828524120523,3.599375117276673e-09,0.14999995008322717,0.0014856977724303872,-0.001835529143513278,0.150317968533005,0.0025328513943363566,0.010864500175119484,0.04200000000000159
21.6,-0.000247747239397355,3.403690928894027e-09,0.1499999540096234,0.004092071145325683,-0.003252993658837104,0.14998470864951596,0.0054236745774613815,0.018093864451596713,0.055999999999997385
21.7,-0.0002579314351845159,3.294535006176614e-09,0.14999995624265033,0.0021375612214049535,-0.000846932487625057,0.15048119478170255,0.002585976762916918,0.026691399924387675,0.04400000000000048
21.8,-0.0002645360270086513,3.225174692113195e-09,0.14999995769179209,0.005296923930147103,-0.001964285365077211,0.14996531910864616,0.005898259603669802,0.008243712716679483,0.045999999999999375
21.9,-0.00026869317631941564,3.1825284729925754e-09,0.14999995860458967,0.0021412118194283165,-0.0004932222371275487,0.15096427351141414,0.0026421235101048214,0.017612938151195103,0.03400000000000247
22.0,-0.00027072947415228264,3.1621293951827945e-09,0.14999995905200553,0.0032693869874727884,-0.0002588547440032572,0.15071572058386878,0.0036210145743881548,0.011407007672221544,0.04400000000000048
22.1,-0.0002719376406015511,3.1502626505187244e-09,0.14999995931760166,0.003868579716146967,-0.003793804586600152,0.1502110991346711,0.005619736750788947,0.008938395955630622,0.05799999999999983
22.2,-0.00027294173579996833,3.140627708965153e-09,0.14999995953846304,0.004038146955627188,-0.004655234892923243,0.14978599198849227,0.006348425707749201,0.020026828481405804,0.054000000000002046
22.3,-0.00027374230129479483,3.133222177255903e-09,0.14999995971470778,0.0034852826491303603,-0.0028503720247842063,0.14982370728414046,0.004720802054585602,0.014930969970454108,0.029999999999997584
22.4,-0.0002739424426685013,3.131370794328592e-09,0.14999995975876895,0.003527975165064411,-0.0046946742461948365,0.15115630366577454,0.0061507482802245295,0.012700129769535986,0.04600000000000293
22.5,-0.0002739424426685013,3.131370794328592e-09,0.14999995975876895,0.000778258011161344,-0.001466823887950662,0.15049581879196386,0.001872053279277112,0.014407839525148904,0.045999999999999375
22.6,-0.0002739424426685013,3.131370794328592e-09,0.14999995975876895,0.0034036424665199677,0.0015028058065106298,0.15036488625820268,0.0039895135035098155,0.020072613681973567,0.055999999999997385
22.7,-0.0002739424426685013,3.131370794328592e-09,0.14999995975876895,0.006763986086860208,-0.001713891059120891,0.14962943675583087,0.00725307924806158,0.008203340894588134,0.04400000000000048
22.8,-0.0002739424426685013,3.131370794328592e-09,0.14999995975876895,0.0034734328858126965,-0.0002919057177694648,0.15048216522982671,0.0037895322594000956,0.013479563308731131,0.053999999999998494
22.9,-0.0002739424426685013,3.131370794328592e-09,0.14999995975876895,0.0029613997007837058,-0.002980532443028634,0.14921786689764477,0.0044679637799427,0.02255159598641636,0.03400000000000247
23.0,-0.0002739424426685013,3.131370794328592e-09,0.14999995975876895,0.0041299836004829605,-0.002345881404108065,0.14950923462558952,0.005013835857273404,0.007031164858538949,0.04200000000000159
23.1,-0.001005918984593476,8.605610963082196e-10,0.14997890118739227,0.0030618446303135732,-0.0008876921264878114,0.15062016242289386,0.0042125901341306055,0.018832538876324856,0.03200000000000003
23.2,-0.0009300778345995758,8.622838128852829e-10,0.14999209913306608,0.001976110098135242,-0.0022743090388573422,0.1486061187551319,0.003941998913599634,0.08598321441869175,0.04200000000000159
23.3,-0.0008737201211491966,-9.788751055576523e-09,0.14993271138402736,-0.00344676690064177,0.0009055342996404478,0.15079554298680625,0.0028609540716746733,0.07648979363045387,0.029999999999997584
23.4,-0.0016375925983772269,-1.270324329213533e-09,0.14992937714608837,0.0078317650680012,-0.006444376350288267,0.1504808761716737,0.011467469466289484,0.024031769077312155,0.0400000000000027
23.5,-0.002879758964381405,-6.69422871428744e-10,0.1499556656706974,0.0009331092104401945,-0.0034809208653491376,0.1437016065827986,0.008109748713980255,0.018428308142934353,0.03999999999999915
23.6,-0.005010084632891791,-6.360453041687647e-10,0.14995413064637325,0.003163139471148936,0.0013809155531032294,0.13957996999025613,0.013278995861707818,0.02623093925865186,0.04199999999999804
23.7,-0.006911967161120503,-6.129956508421109e-10,0.14999953912054617,0.0018757726863158223,-0.0014415444873600433,0.13737192140088292,0.015451833212984507,0.012779753990413383,0.03999999999999915
23.8,-0.009405437019709728,1.763669439997809e-09,0.15000713031656285,0.0017822074179810444,0.0004661232093544003,0.13976563874518977,0.015174610600368846,0.036809430275355014,0.03200000000000003
23.9,-0.009646836414684959,2.336671743477588e-09,0.1499598131508121,-0.0014381323605408506,0.0023273614561060527,0.13743130172964652,0.015157935913230822,0.025992684261429286,0.03200000000000003
24.0,-0.009551050373822612,2.3231349896137953e-09,0.14997567145823804,-0.002140157020104968,-0.00104416409957757,0.14081878848483304,0.011826247486296364,0.028191311006293174,0.03999999999999915
24.1,-0.009455670496270623,2.314194053914039e-09,0.1499852659459802,0.0005490373259779057,0.0021779913327228772,0.1397012733490178,0.014512006012532183,0.017767340244878707,0.03999999999999915
24.2,-0.00944030784677276,2.309092953985023e-09,0.14999107060017403,0.0001776490215730335,-0.0015175846426233196,0.13519066331912868,0.017716100591332152,0.04027958057071617,0.05000000000000071
24.3,-0.010128151373660672,2.3239564288737125e-09,0.14999458144962818,-0.0004480987964928856,-0.002258335244540689,0.14620035533511622,0.010639532803561573,0.0154107901158812,0.05000000000000071
24.4,-0.010832804603112957,2.3461927999632573e-09,0.1499957049953132,-0.005021725671754287,0.002203331329153161,0.1520624193330734,0.0065493973087252366,0.017402552456104076,0.0400000000000027
24.5,-0.010714169271902493,2.3401703859495253e-09,0.14999738651069933,-0.00718354250964707,0.0011724824581962287,0.15179265468437897,0.004130741189780248,0.02708527471730116,0.03999999999999915
24.6,-0.010573970888170093,2.3358612825017215e-09,0.14999840374491,-0.0060954674405785305,-0.0023315279329828445,0.1526349085323551,0.005695979636449447,0.014409907216355912,0.04999999999999716
24.7,-0.010106483545503114,2.328204733332813e-09,0.14999901942638805,-0.0006375947775088047,-0.0016635691602626458,0.14894109680770967,0.009671945247208633,0.0062892645870375125,0.05000000000000071
24.8,-0.009891044723689357,2.324366138751131e-09,0.14999939169397253,-0.002743659548735811,0.00160258739069474,0.14899560038986112,0.007393307156893649,0.019208192562822222,0.05000000000000071
24.9,-0.00984637501567595,2.322991612546718e-09,0.14999961404596734,-0.0011767445465078585,0.001292620852435354,0.14997772957973463,0.008765491090888823,0.011929722166081538,0.052000000000003155
25.0,-0.01009237403853355,2.325634578690467e-09,0.14999975259422899,-0.0036421651442398832,0.0008375558466400773,0.14655555963391365,0.007359969825241105,0.00899271275799695,0.038000000000000256
25.1,-0.010792824516257338,2.33469923181748e-09,0.14999983421618535,-0.0007541033844331319,0.002087126389595149,0.14955062390355914,0.010263225549895548,0.02129994132720797,0.04999999999999716
25.2,-0.010751189849939391,2.334114029115111e-09,0.14999988459537408,-0.0012133602483004073,-0.001433586787198863,0.14816504529379246,0.009817943091161003,0.009858240065546194,0.0519999999999996
25.3,-0.010661890211874662,2.3331614787153122e-09,0.14999991503761398,-0.004822985537922457,-0.0010762992180919227,0.14858906608302377,0.006102600068282344,0.00812577429957089,0.027999999999998693
25.4,-0.010309522485383681,2.3287438618717987e-09,0.14999993367439998,-0.005809798740944455,-0.0010143295941368482,0.15046835714590867,0.004636356713488005,0.010425417287670949,0.0400000000000027
25.5,-0.009932002686338893,2.3238191230181117e-09,0.1499999449916268,-0.005863237611826248,0.0030874885681946205,0.14897250622666144,0.00520989932307097,0.0034679039216747943,0.04200000000000159
25.6,-0.009866782022632954,2.3228463841852966e-09,0.14999995142601283,-2.528920787563463e-05,-0.001278366834883696,0.14744619519364796,0.010247481613581839,0.01657734966829173,0.04999999999999716
25.7,-0.009898778264081103,2.3229921780234873e-09,0.14999995541138442,0.0007031183940134633,-0.0022516994883379246,0.1488360605361473,0.010900689201911371,0.01145755786691449,0.05000000000000071
25.8,-0.010563563066488816,2.331705496993628e-09,0.14999995692025883,-0.002433666499651147,-0.003721391511909303,0.14907386950602625,0.008988972590100218,0.011929412531176032,0.03999999999999915
25.9,-0.011019316673050549,2.337880434242606e-09,0.1499999586091706,-0.0034358504401820096,-0.0005263768263321965,0.14811342535369773,0.007832307632720996,0.011226359389221898,0.0400000000000027
26.0,-0.015037429286212236,2.392705604305814e-09,0.14999996018284112,-0.009302160295365357,-0.0007770443056871164,0.14788877087269156,0.006160700631595612,0.014028167003811778,0.03999999999999915
26.1,-0.02402686774240409,2.5152191290210003e-09,0.14999996109805147,-0.016836591589631328,0.004080480029575827,0.14905554367594212,0.008321195356767376,0.034415187544061615,0.03999999999999915
26.2,-0.035136272988357926,2.666556266204561e-09,0.14999996177063293,-0.0419151873491393,0.007345992340518881,0.15290955693690716,0.010410715068254422,0.021241247249171265,0.04200000000000159
26.3,-0.049543723177020334,2.8625823071138585e-09,0.14999996202088905,-0.04786188925666707,0.0023001599515124357,0.1488996752865359,0.003054491588988242,0.03327114816698138,0.05000000000000071
26.4,-0.06958499130714578,3.1353104016990816e-09,0.14999996219877518,-0.06041331942587845,0.0038396087528754816,0.1522150642790856,0.010186697876263077,0.031201786055078326,0.04800000000000182
26.5,-0.09734449719446513,3.5136228055990083e-09,0.14999996199376778,-0.07753063480045254,-0.0009192551997953533,0.14772269010003167,0.019965473869384163,0.03953384850034868,0.03999999999999915
26.6,-0.13799774355829614,4.069214756245241e-09,0.14999996182558212,-0.13221336875284603,0.010743222971231979,0.1519417669726529,0.012355013213095997,0.08021578665987844,0.038000000000000256
26.7,-0.18596148551173375,4.7269755418952186e-09,0.14999996215849523,-0.15417019516302932,-0.007592230245830389,0.15395414046951117,0.03292360399520735,0.10989557821246514,0.030000000000001137
26.8,-0.23910791605566242,5.458383898382436e-09,0.14999996227207224,-0.23553591876975863,0.0004269729587854402,0.1517771047966682,0.0040124433216720354,0.13473031395595417,0.03999999999999915
26.9,-0.2954593851866496,6.236658216936168e-09,0.14999996243104116,-0.2712903243529361,0.0014751990794569865,0.14911419779288343,0.024230234718248183,0.13412886433352658,0.0400000000000027
27.0,-0.35376675129215684,7.044676376582412e-09,0.14999996248936628,-0.34136976388665474,-0.0014274897803390348,0.14771577936237654,0.0126862341329187,0.15494863097641542,0.03999999999999915
27.1,-0.41726549975454136,7.927794971948515e-09,0.14999996244656325,-0.3925197584345963,-0.0031292039446672915,0.14418655753886445,0.02561131306741713,0.17355663520284367,0.04399999999999693
27.2,-0.4871803822448874,8.904157515741128e-09,0.14999996229874984,-0.4436685618363273,-0.010959997543983357,0.13978587357455355,0.046018777309657324,0.20031217293393358,0.0519999999999996
27.3,-0.5690003174101133,1.005242882468175e-08,0.14999996185214326,-0.5289366530228033,-0.0024016395730467005,0.1428453949082092,0.04076828366779481,0.2438062746713837,0.03200000000000003
27.4,-0.660232846055484,1.1340200564346317e-08,0.1499999621276926,-0.6244420126164053,-0.0075919005934155116,0.14661498520786778,0.036743420551432135,0.3128738058120859,0.04200000000000159
27.5,-0.7566942951453035,1.2710099633979539e-08,0.1499999622554387,-0.7268912744581901,-0.003473196861454994,0.15576380694928546,0.030553316226871872,0.32554528775541275,0.05000000000000071
27.6,-0.8573067990695307,1.4147882487529783e-08,0.14999996237185806,-0.8175009019636548,-0.006558938731194189,0.1520682298062083,0.0403956314154578,0.31227536771461495,0.03999999999999915
27.7,-0.9594485830198536,1.5616603884543834e-08,0.14999996250329192,-0.9095834084919879,-0.006522985152007317,0.14568160625566004,0.05047507672508547,0.3682463770783971,0.0519999999999996
27.8,-1.0659226711396548,1.7157228274174317e-08,0.14999996242141597,-1.0159023426006122,-0.008314695803659379,0.14456382876503085,0.05099724765029771,0.41613925170465504,0.05000000000000071
27.9,-1.1780840842766418,1.879089588028837e-08,0.14999996241045932,-1.1150561318658347,-0.002457692545511576,0.12033427079006703,0.0697037760055241,0.42604474428535216,0.04400000000000048
28.0,-1.2996211799087787,2.057378162449876e-08,0.14999996198011398,-1.2373458135150743,-0.0020922533342092177,0.12726311267487767,0.0663292031152584,0.5134054270108906,0.03399999999999892
28.1,-1.4331574373941953,2.2548186292286173e-08,0.14999996200479532,-1.3666785428002133,-0.013699702340203318,0.12233786413651279,0.07329609503193044,0.5728241362733288,0.04199999999999804
28.2,-1.5724381657035236,2.4624798181719887e-08,0.14999996222935758,-1.5126377455685112,-0.012342499296576003,0.11935612565957365,0.06831890561762036,0.5478022700979658,0.030000000000001137
28.3,-1.7164730741081573,2.6790660616673442e-08,0.1499999623247499,-1.6528213399136282,-0.009924796018972443,0.12474971721085568,0.06919263148692449,0.6464396189490749,0.03999999999999915
28.4,-1.862501719880815,2.900536090020782e-08,0.14999996250001485,-1.7934353715379663,-0.0012431140076934783,0.12299329908707637,0.0741691697854733,0.6678301818567574,0.0400000000000027
28.5,-2.0114654629915907,3.1283911512516123e-08,0.1499999624578958,-1.9289826194883792,-0.0020279593623063683,0.12452549617099738,0.08635091575101414,0.6319671462284888,0.047999999999998266
28.6,-2.1658280718271667,3.36657133211915e-08,0.1499999624380177,-2.08254295819091,0.0004793556306873889,0.10852169559184514,0.09304346577547845,0.70468234975036,0.0519999999999996
28.7,-2.327979350729445,3.619052017555858e-08,0.14999996211060623,-2.2273924422786027,0.003714068383295128,0.09281994161913984,0.11576301192622639,0.7646658713471063,0.0519999999999996
28.8,-2.5025602493032224,3.893531766195679e-08,0.14999996191056175,-2.420853526255624,0.0014703282870193834,0.10232444659023461,0.09461028011275205,0.7613934903364152,0.04199999999999804
28.9,-2.6840722431937123,4.1818283323701885e-08,0.14999996218495767,-2.6014564300240863,-0.003619767594406478,0.11999721824408596,0.08796954160301311,0.7110290510796203,0.038000000000000256
29.0,-2.8705251140408907,4.481055437907983e-08,0.14999996227973633,-2.7872745428275008,0.0013160028992925264,0.13370289343463346,0.08484093237340719,0.731989541070703,0.03999999999999915
29.1,-3.0596125877758644,4.787682967690832e-08,0.14999996243655353,-2.9664321532067155,0.0024701397130652805,0.12850423207699727,0.09565961093306637,0.7742006200909128,0.0519999999999996
29.2,-3.2506604681998383,5.100708294956606e-08,0.14999996246506708,-3.158305962135599,0.0019719966409266388,0.09371023445623042,0.10817475139449707,0.8385756384922302,0.030000000000001137
29.3,-3.4468411686919795,5.425510093304343e-08,0.14999996242859479,-3.3155972809590732,0.008312512343633813,0.056245830276332676,0.161505084509266,0.9614810383977515,0.04199999999999804
29.4,-3.6495896918242248,5.764784336125694e-08,0.1499999622237104,-3.493702204072662,0.005813511057516863,-0.006124853583178214,0.2207026578652258,1.1829412520833504,0.03400000000000247
29.5,-3.864419718456445,6.12829371977817e-08,0.1499999618325601,-3.7250730640746355,0.018506305133112466,-0.015349549601354762,0.2170263396002428,1.255206751796867,0.04400000000000048
29.6,-4.087654566609394,6.510425922235684e-08,0.14999996212286013,-3.9416422252072136,0.01347886081209392,-0.01956348318674825,0.2241719067161291,1.3698583050340782,0.04199999999999804
29.7,-4.315873342564845,6.905714060765715e-08,0.1499999622343059,-4.162003922996022,0.013884033240530601,-0.007702175007287454,0.2207680385165805,1.4273469383268524,0.03999999999999915
29.8,-4.547647815243614,7.311929813544585e-08,0.1499999623595484,-4.405917607978775,0.004350808858870745,-0.016189256924900086,0.21846106554529188,1.333746941137041,0.04199999999999804
29.9,-4.780795001578286,7.725375146766179e-08,0.14999996246657768,-4.604227464210225,0.00621583337277851,-0.0419951266325278,0.26091539838523614,1.503073921813606,0.04200000000000159
30.0,-5.018385865721404,8.151667486796531e-08,0.14999996239529123,-4.837686732096974,-0.0037152165466604473,-0.06256181848807932,0.2790134244523535,1.6141198611256258,0.047999999999998266
30.1,-5.261540179970131,8.593145034661391e-08,0.14999996235864715,-5.059318015430165,-0.007778571273974629,-0.13133422384413473,0.346559137328004,1.882526039872684,0.047999999999998266
30.2,-5.514650742526204,9.058309719106025e-08,0.1499999618813939,-5.292896858785155,-0.0238542623824476,-0.16856505350115858,0.3888797810832151,2.0272584142582204,0.03999999999999915
30.3,-5.778985700439826,9.550241333844576e-08,0.14999996200788054,-5.578224494821907,-0.0056558035610530365,-0.1826612627606931,0.388587881102723,2.0118476911254617,0.03999999999999915
30.4,-6.048494771893706,1.00582571615735e-07,0.14999996220639292,-5.837688201635143,0.005211795006915919,-0.19736961925763358,0.4063646120781731,2.091583443544878,0.04200000000000159
30.5,-6.322362318545784,1.0581149005076791e-07,0.14999996230788334,-6.109900819612777,0.01627634026012857,-0.20528738462272733,0.414287223102136,2.128483888674885,0.0519999999999996
30.6,-6.597880602318028,1.1113946157297614e-07,0.1499999624732185,-6.368339966463978,-0.004115458039396938,-0.2429950218422287,0.4551383296483019,2.2894814684759885,0.047999999999998266
30.7,-6.876441853026574,1.1659494192958667e-07,0.14999996241954114,-6.6508046626538855,0.016663355174606147,-0.2550956092688889,0.4639959346813498,2.2404674707430643,0.05600000000000094
30.8,-7.160211133000365,1.222234726339245e-07,0.14999996241022992,-6.903254535609243,0.0063563237022502255,-0.3027653198681459,0.5206375851556237,2.442965616599717,0.053999999999998494
30.9,-7.4517738195700645,1.280814289872325e-07,0.14999996204061372,-7.170245747350221,-0.0011480659823598243,-0.3311000337687427,0.5574195724633215,2.4759239410915623,0.052000000000003155
31.0,-7.755745569394268,1.3426976814634273e-07,0.14999996189037876,-7.485451193468543,0.006039868749366843,-0.30985191262527706,0.5334409756901167,2.424004681810176,0.04200000000000159
31.1,-8.06602011639514,1.4067187575083849e-07,0.14999996217310413,-7.778825347060276,0.005497628375446293,-0.32388551075250266,0.5541466406595668,2.485651204893525,0.04999999999999716
31.2,-8.38097653540861,1.4725873109324783e-07,0.14999996225503445,-8.12094458221314,0.02198480214453515,-0.3764217111595519,0.587554014515868,2.650279961744627,0.0519999999999996
31.3,-8.69832304792233,1.539852091542758e-07,0.14999996240889552,-8.411757557535985,0.026014619414305926,-0.4447407433610756,0.6606913347333164,2.8195150831957463,0.05000000000000071
31.4,-9.017493173615067,1.608408501171122e-07,0.14999996243059277,-8.693219340082393,0.025400001996306636,-0.5054426634892341,0.731712858242478,3.0109215659829522,0.0400000000000027
31.5,-9.34160772939325,1.6789557709863994e-07,0.14999996239846264,-8.99368256077649,0.013267785175368722,-0.5589698133281861,0.7898519453158157,3.1856627451667,0.038000000000000256
31.6,-9.672121991375455,1.7518611687762263e-07,0.14999996218102699,-9.292646634593902,0.0014515156012695515,-0.6591765590925287,0.8937395008467851,3.3638912600100364,0.04399999999999693
31.7,-10.014622029384437,1.8284411946496876e-07,0.1499999618034644,-9.605877142956723,0.003460236010594788,-0.7309947307462255,0.9712033785204014,3.5168889050679994,0.028000000000002245
31.8,-10.365136176410603,1.9079014193754452e-07,0.149999962093008,-9.977004833859597,0.021226396274280617,-0.7275898857525799,0.9598231253264026,3.5082904758023834,0.03200000000000003
31.9,-10.717140377253068,1.9888018487567912e-07,0.14999996076697247,-10.329989101129197,0.003910379962406811,-0.7543742684222968,0.9837652903727205,3.542034331492667,0.0400000000000027
32.0,-11.012381481520617,2.0574709806989084e-07,0.1499999568361955,-10.636319840593627,0.013307003640842639,-0.7917703361047966,1.014165032582492,3.565650100034861,0.054000000000002046
32.1,-11.227324409012303,2.1079523479985454e-07,0.1499999544105165,-10.839400498762252,0.006977490653746872,-0.8346494516489003,1.0583326960039907,3.6372865012450597,0.031999999999996476
32.2,-11.365970834262518,2.1390294035110048e-07,0.1499999527479153,-10.961964503931602,0.020656428439607622,-0.8917941007440383,1.117578920719979,3.8600719980581752,0.0519999999999996
32.3,-11.432248554516873,2.1505566072467989e-07,0.14999995221367618,-11.017330683845039,0.011492238990851417,-0.9637775631786175,1.1886081186877393,4.052550943755943,0.04200000000000159
32.4,-11.451847355288873,2.155308816284163e-07,0.15060389961502652,-11.06566857853327,0.02786613152330488,-0.926030387823659,1.1441380798571286,3.8082746112428847,0.03999999999999915
32.5,-11.453096037879916,2.141506352304132e-07,0.149911852503842,-11.07816543400751,0.026610878693786092,-0.8652712121264144,1.0825330202352423,3.723314849828308,0.04399999999999693
32.6,-11.453008511069148,2.141330759743375e-07,0.1499466550055917,-11.101130798338753,0.03305141456728039,-0.8391540545926256,1.0503478092014158,3.677262708113001,0.0519999999999996
32.7,-11.452750934291153,2.1411785825941784e-07,0.14996771090745842,-11.12049892546471,0.024359209357425457,-0.8312441129020345,1.0362245901356708,3.6608413808711138,0.03999999999999915
32.8,-11.452279041563044,2.1410127114813685e-07,0.14998045010458946,-11.112280298357476,0.02373890841341266,-0.8555430178271771,1.0617156472194131,3.692311266934642,0.04200000000000159
32.9,-11.451932184935876,2.140896218576421e-07,0.1499881568726034,-11.1199510680559,0.0276026883265067,-0.859397192488398,1.0629356246045687,3.68570140069775,0.04200000000000159
33.0,-11.446729369613898,2.1396503557678766e-07,0.1499928192649281,-11.085733964434748,0.01500147843416211,-0.8704695874877216,1.0825369481415135,3.737267970632102,0.031999999999996476
33.1,-11.437786063612743,2.1375336349904485e-07,0.14999563963413268,-11.05276550046337,0.015772131778297116,-0.9055820583502766,1.1237143159754222,3.8965784458700323,0.0519999999999996
33.2,-11.429030029061128,2.1354687146861212e-07,0.1499973461335232,-11.029330794880716,0.012396675104151373,-0.9210656900462829,1.1432800083681398,3.9124380659788875,0.04999999999999716
33.3,-11.414247015882252,2.1319958592797285e-07,0.14999837890712142,-11.062649440608734,-0.0016790232231755548,-0.8917283773774184,1.0994627367638656,3.8167140666746953,0.0519999999999996
33.4,-11.39211415627497,2.1268046702082824e-07,0.1499990036833085,-11.043252426899642,0.008038246272377998,-0.8419213871690135,1.0515109024614973,3.687220935720481,0.04200000000000159
33.5,-11.360310049710524,2.119353366957328e-07,0.1499993817921965,-11.016176611738992,0.012951095212694821,-0.841850852531374,1.0499344912114716,3.6788669115891253,0.04999999999999716
33.6,-11.318568259759623,2.109585053677633e-07,0.14999961045278798,-10.980495121769806,0.018888021159519496,-0.8552958361243995,1.0607870337222725,3.7069273739346165,0.04200000000000159
33.7,-11.26991564292721,2.0982170748309704e-07,0.1499997487427526,-10.909856733322151,0.014015777523175786,-0.8698272522146814,1.0816126693071841,3.73401803412828,0.05399999999999494
33.8,-11.21587264821753,2.0856134807959378e-07,0.14999983219898788,-10.847222520448094,0.01018987311546542,-0.8676546016017898,1.0824173375378503,3.685921797467659,0.03200000000000358
33.9,-11.161780355124877,2.0730255972800094e-07,0.1499998824417526,-10.808194318023055,0.015575669546934281,-0.8837702932725505,1.0926785697788157,3.7636631073684637,0.03800000000000381
34.0,-11.10399036758209,2.0596094049457692e-07,0.14999991337772667,-10.796352064184038,0.02208440757300461,-0.8429293185418459,1.0397295308294685,3.683038667202896,0.04200000000000159
34.1,-11.039118116607787,2.0445864773678942e-07,0.14999993204871004,-10.72565653693722,0.0286197351589005,-0.8168791723629529,1.0168246859783494,3.627910837226889,0.04399999999999693
34.2,-10.965712293837983,2.0276328720874286e-07,0.1499999434268432,-10.65791432670526,0.01705468148067097,-0.8080813085187454,1.0064542359913762,3.6290838229228433,0.05399999999999494
34.3,-10.881686033012354,2.0082830302994168e-07,0.14999995031969818,-10.599400036529731,0.038069115051358064,-0.7992843413123195,0.9910980235978736,3.564999055059269,0.04000000000000625
34.4,-10.790176272546729,1.9872786099161949e-07,0.14999995434000996,-10.49217487527806,0.02905049703841651,-0.8284473922013819,1.0232340702693112,3.6364228976397555,0.04200000000000159
34.5,-10.692408188513232,1.9649185893807157e-07,0.1499999567462447,-10.38139577354394,0.021918363352244827,-0.8126402458589629,1.0118721697800301,3.6299896988798115,0.0519999999999996
34.6,-10.592838948433187,1.9422342975626572e-07,0.14999995777076233,-10.310899066101822,0.01911748210597725,-0.7745255393002862,0.9667486553802274,3.539864177086876,0.0519999999999996
34.7,-10.49227951481439,1.9194170554639652e-07,0.149999958827676,-10.233117601961476,0.016627168325827966,-0.7278867346198901,0.9154924357686197,3.434740646633859,0.05399999999999494
34.8,-10.384959166278628,1.8951678369982666e-07,0.1499999595708461,-10.092826919430065,0.02257370317983212,-0.6889255589686711,0.8886207508406968,3.316746471818135,0.04200000000000159
34.9,-10.270071762097407,1.869323758835752e-07,0.14999996003795818,-9.976049637711581,0.0005838343848911533,-0.7090024481450051,0.9079286797633574,3.363783509723572,0.0519999999999996
35.0,-10.14470326769523,1.8412550715845393e-07,0.14999996043258096,-9.863020243456065,0.004184889714115252,-0.7552034375992143,0.9480274414349481,3.4926587716564264,0.031999999999996476
35.1,-10.010829421952122,1.8114339842020421e-07,0.14999996048604605,-9.762168685565133,0.019311361159739672,-0.7870703933671185,0.9696937308060924,3.583229518286313,0.04800000000000182
35.2,-9.87041424703132,1.780325595580154e-07,0.14999996052603834,-9.599134524866518,0.01880477232841802,-0.7208553684314954,0.9123241224467206,3.4288014771633115,0.03999999999999915
35.3,-9.726559066257305,1.7486368982947505e-07,0.14999996015332345,-9.377924650294561,0.003338454408172472,-0.6752182743978633,0.8958472161812961,3.3302895120195712,0.044000000000004036
35.4,-9.583078582389819,1.717216950456896e-07,0.14999996009142272,-9.307654868839515,-0.005003885299135955,-0.6324531045468087,0.8295276131234376,3.2264267122985744,0.0519999999999996
35.5,-9.433751639820262,1.684714886455733e-07,0.14999996037879837,-9.19083410369709,0.0217635038652574,-0.5943033781997359,0.7832432776237316,3.1390214044771834,0.04200000000000159
35.6,-9.277289528270257,1.6508748269252008e-07,0.1499999604987254,-9.027032704515445,0.023923735282361597,-0.5429329407720944,0.7371274114495486,3.1245575501440004,0.04999999999999716
35.7,-9.111297192363947,1.6152120758276755e-07,0.14999996068559404,-8.878889617191884,0.01909321686477919,-0.4866696794174137,0.6780310143264866,2.990788578718395,0.04999999999999716
35.8,-8.935672797743957,1.5777449471812055e-07,0.14999996070056512,-8.672106402931254,0.025859131563673515,-0.4903163663457637,0.692922022800615,2.958797144625184,0.0519999999999996
35.9,-8.753367024855391,1.5391413014536285e-07,0.14999996065742713,-8.503181163233652,0.03968426762472708,-0.4971160513984194,0.6949294405157046,2.952673435863538,0.05000000000000426
36.0,-8.565935132850358,1.4997602968649097e-07,0.1499999604014722,-8.356192071871673,0.03838128787717173,-0.5056689956144784,0.6894686673506936,2.9494166875634775,0.04200000000000159
36.1,-8.378988531671393,1.4607948918723867e-07,0.1499999600318173,-8.177817024911144,0.025021919400755113,-0.3660368449040202,0.5544276763661037,2.6326941670746087,0.054000000000002046
36.2,-8.188201827184496,1.421354138920259e-07,0.14999996035118532,-7.935327656697035,0.006725508710551541,-0.32757490913076404,0.5404334673352423,2.528839998755744,0.04999999999999716
36.3,-7.99054748378736,1.3808383925112635e-07,0.14999996047133685,-7.780867085843146,0.01409591160513955,-0.3044664430834774,0.500703776771511,2.4383296704755555,0.05600000000000449
36.4,-7.784525135752888,1.3389791201907388e-07,0.14999996063260715,-7.543525991596739,0.014826750349312698,-0.30213653720548167,0.5125698281372848,2.4766839200107045,0.03399999999999892
36.5,-7.568104682396307,1.2954132382026932e-07,0.14999996074079003,-7.340165110661109,0.022900888742022087,-0.3160498694945917,0.5193104441441766,2.477633417832331,0.04200000000000159
36.6,-7.344494867265746,1.250836633796056e-07,0.14999996065687426,-7.161370703681804,0.018508443004155342,-0.30386975189773713,0.489770081870024,2.3471782272778348,0.04200000000000159
36.7,-7.114888075633764,1.2055274839258814e-07,0.14999996057185713,-6.935583031071955,0.020822614517295435,-0.2991874304547983,0.4841003899167498,2.3802819992312525,0.047999999999994714
36.8,-6.8840054008225,1.1604413623081478e-07,0.14999996007140773,-6.7082460965823305,0.026604149730541406,-0.2503607890709093,0.43805003948084864,2.212864189094647,0.04200000000000159
36.9,-6.654601937954613,1.1186530913923075e-07,0.1499999616372602,-6.484867810313433,0.027070310999884835,-0.25762628073018057,0.4423817618685219,2.2595195684292397,0.0519999999999996
37.0,-6.466290158068095,1.100500655457532e-07,0.14999996517769337,-6.274683394316597,0.017721904999482313,-0.2425664791894478,0.43719060737235826,2.2243052071571903,0.04200000000000159
37.1,-6.335544974283153,1.0872724867883182e-07,0.1499998562141114,-6.137947806566281,0.015022977270653626,-0.22861438910755488,0.42733953015078907,2.1071275328155927,0.04200000000000159
37.2,-6.249494751754242,1.0757658166000314e-07,0.14999852341280046,-6.058845456576376,0.015600811198576056,-0.22069493888972636,0.4171380810944423,2.0338479965923884,0.0519999999999996
37.3,-6.216211517757078,1.0758676161319054e-07,0.149999094803394,-6.031896688011262,0.013622558874183484,-0.2160128623929229,0.41002717038506814,2.0052021944368867,0.036000000000001364
37.4,-6.215637299202392,1.0767826774502834e-07,0.14999943742519142,-6.01808165305274,0.028050554724369996,-0.26605736278710707,0.46143073359713366,2.237632314927018,0.04200000000000159
37.5,-6.216097896407181,1.0768924977891238e-07,0.1499996437989149,-6.00333160014316,0.022117420694280673,-0.3162723732806847,0.5129992848649498,2.425843259361036,0.04200000000000159
37.6,-6.216605746023567,1.0770093115937643e-07,0.14999976828062167,-6.016065639858689,0.020157532582415167,-0.29370409621043037,0.48733538279378713,2.3685722666433375,0.04999999999999716
37.7,-6.216520314215535,1.0769971384664147e-07,0.14999984499423819,-6.0306500543172605,0.01617428605638697,-0.27812291910469394,0.4670101269778586,2.353448558917852,0.03999999999999915
37.8,-6.2163818827225565,1.0769731977559335e-07,0.14999989111613093,-6.034485119958161,0.021277872447590534,-0.2589775781759754,0.4481090782002865,2.2766972284080307,0.05000000000000426
37.9,-6.215964206274671,1.0768875310415838e-07,0.14999991925697334,-6.048562161261833,0.024918887432385288,-0.267287340049004,0.45030328339629705,2.3147971344171356,0.04800000000000182
